-- phpMyAdmin SQL Dump
-- version 4.5.1
-- http://www.phpmyadmin.net
--
-- Host: 182.50.133.90:3306
-- Generation Time: Nov 14, 2017 at 10:17 AM
-- Server version: 5.5.43-37.2-log
-- PHP Version: 5.6.23

SET SQL_MODE = "NO_AUTO_VALUE_ON_ZERO";
SET time_zone = "+00:00";


/*!40101 SET @OLD_CHARACTER_SET_CLIENT=@@CHARACTER_SET_CLIENT */;
/*!40101 SET @OLD_CHARACTER_SET_RESULTS=@@CHARACTER_SET_RESULTS */;
/*!40101 SET @OLD_COLLATION_CONNECTION=@@COLLATION_CONNECTION */;
/*!40101 SET NAMES utf8mb4 */;

--
-- Database: `jaabs_db`
--

-- --------------------------------------------------------

--
-- Table structure for table `achievement`
--

CREATE TABLE `achievement` (
  `AchievementId` int(11) NOT NULL,
  `AchievementName` varchar(50) NOT NULL,
  `AchievementCount` int(10) NOT NULL
) ENGINE=MyISAM DEFAULT CHARSET=utf8;

--
-- Dumping data for table `achievement`
--

INSERT INTO `achievement` (`AchievementId`, `AchievementName`, `AchievementCount`) VALUES
(1, 'Short Filims', 10),
(2, 'Happy Customers', 34),
(3, 'Winning awards', 5),
(4, 'Completed project', 50);

-- --------------------------------------------------------

--
-- Table structure for table `admin`
--

CREATE TABLE `admin` (
  `Id` int(11) NOT NULL,
  `Username` varchar(100) NOT NULL,
  `Password` varchar(100) NOT NULL,
  `Role` int(11) NOT NULL
) ENGINE=InnoDB DEFAULT CHARSET=latin1;

--
-- Dumping data for table `admin`
--

INSERT INTO `admin` (`Id`, `Username`, `Password`, `Role`) VALUES
(1, 'admin', 'admin', 1);

-- --------------------------------------------------------

--
-- Table structure for table `album`
--

CREATE TABLE `album` (
  `AlbumId` int(11) NOT NULL,
  `AlbumName` varchar(200) NOT NULL,
  `CoverImage` varchar(200) NOT NULL,
  `CreatedOn` timestamp NOT NULL DEFAULT CURRENT_TIMESTAMP ON UPDATE CURRENT_TIMESTAMP,
  `UpdatedOn` timestamp NOT NULL DEFAULT '0000-00-00 00:00:00'
) ENGINE=InnoDB DEFAULT CHARSET=latin1;

--
-- Dumping data for table `album`
--

INSERT INTO `album` (`AlbumId`, `AlbumName`, `CoverImage`, `CreatedOn`, `UpdatedOn`) VALUES
(2, 'Bhima - Lucky Gold', '1510252490.jpg', '2017-11-09 18:34:51', '0000-00-00 00:00:00'),
(3, 'Mauritius Shoot', '1510313791.JPG', '2017-11-10 11:36:31', '0000-00-00 00:00:00'),
(4, 'Bhima Europe Shoot', '1510315287.jpg', '2017-11-10 12:01:27', '0000-00-00 00:00:00'),
(5, 'Bhima - Bangkok', '1510315830.jpg', '2017-11-10 12:10:30', '0000-00-00 00:00:00'),
(6, 'Flamingo - Sussex. UK', '1510316274.jpg', '2017-11-10 12:17:54', '0000-00-00 00:00:00'),
(7, 'Bhima - Fall in Love', '1510402464.jpg', '2017-11-11 12:14:25', '0000-00-00 00:00:00'),
(8, 'Habro Shoot', '1510426548.jpg', '2017-11-11 18:55:48', '0000-00-00 00:00:00');

-- --------------------------------------------------------

--
-- Table structure for table `attachmenttype`
--

CREATE TABLE `attachmenttype` (
  `AttachmentId` int(10) NOT NULL,
  `AttachmentName` varchar(50) NOT NULL,
  `CreatedOn` timestamp NOT NULL DEFAULT CURRENT_TIMESTAMP ON UPDATE CURRENT_TIMESTAMP,
  `UpdateOn` timestamp NOT NULL DEFAULT '0000-00-00 00:00:00',
  `Type` int(11) NOT NULL COMMENT 'If it is gallery or Video 1-video,2-galery'
) ENGINE=InnoDB DEFAULT CHARSET=latin1;

--
-- Dumping data for table `attachmenttype`
--

INSERT INTO `attachmenttype` (`AttachmentId`, `AttachmentName`, `CreatedOn`, `UpdateOn`, `Type`) VALUES
(1, 'AD Filims', '2017-11-06 11:25:30', '2017-11-06 11:25:30', 1),
(2, 'Corporate', '2017-11-06 20:23:24', '2017-11-06 20:23:24', 1),
(3, 'Gallery', '2017-11-06 20:23:50', '2017-11-06 20:23:50', 2),
(4, 'Photography', '2017-11-06 20:23:50', '2017-11-06 20:23:50', 2),
(5, 'Concept And Design', '2017-11-07 15:28:19', '0000-00-00 00:00:00', 2),
(6, 'Production', '2017-11-08 14:05:52', '0000-00-00 00:00:00', 2),
(7, 'Location', '2017-11-08 14:09:06', '0000-00-00 00:00:00', 2);

-- --------------------------------------------------------

--
-- Table structure for table `gallery`
--

CREATE TABLE `gallery` (
  `GalleryId` int(11) NOT NULL,
  `GalleryName` varchar(200) NOT NULL,
  `GalleryUrl` varchar(150) NOT NULL,
  `GalleryDescription` varchar(250) NOT NULL,
  `AttachmentId` int(11) NOT NULL,
  `AlbumId` int(11) NOT NULL,
  `CreatedOn` timestamp NOT NULL DEFAULT CURRENT_TIMESTAMP ON UPDATE CURRENT_TIMESTAMP,
  `UpdatedOn` timestamp NOT NULL DEFAULT '0000-00-00 00:00:00'
) ENGINE=InnoDB DEFAULT CHARSET=latin1;

--
-- Dumping data for table `gallery`
--

INSERT INTO `gallery` (`GalleryId`, `GalleryName`, `GalleryUrl`, `GalleryDescription`, `AttachmentId`, `AlbumId`, `CreatedOn`, `UpdatedOn`) VALUES
(4, 'Shooting Location ', '1509975727.JPG', '', 3, 0, '2017-11-06 20:42:07', '2017-11-06 20:42:07'),
(5, 'Shooting Location ', '1509977786.jpg', '', 4, 0, '2017-11-06 20:43:42', '2017-11-06 20:43:42'),
(10, 'mooveetools.com', '1509994076.jpg', '', 3, 0, '2017-11-06 18:47:56', '0000-00-00 00:00:00'),
(11, 'mooveetools', '1509994133.jpg', '', 3, 0, '2017-11-07 15:48:35', '0000-00-00 00:00:00'),
(12, 'Mooveetools.com', '1509994168.jpg', '', 3, 0, '2017-11-06 18:49:29', '0000-00-00 00:00:00'),
(13, 'Fashion Photography 3', '1510078236.jpg', '', 4, 0, '2017-11-07 18:10:37', '0000-00-00 00:00:00'),
(14, 'Fashion Photography 2', '1510078445.jpg', '', 4, 0, '2017-11-07 18:14:06', '0000-00-00 00:00:00'),
(15, 'Fashion Photography 1', '1510078676.jpg', '', 4, 0, '2017-11-07 18:17:56', '0000-00-00 00:00:00'),
(16, 'Scot Wilson', '1510079210.jpg', '', 4, 0, '2017-11-07 18:26:50', '0000-00-00 00:00:00'),
(17, 'Scot Wilson 2', '1510079254.jpg', '', 4, 0, '2017-11-07 18:27:34', '0000-00-00 00:00:00'),
(18, 'Scot Wilson 3', '1510079332.jpg', '', 4, 0, '2017-11-07 18:28:52', '0000-00-00 00:00:00'),
(19, 'Scot Wilson 4', '1510079355.jpg', '', 4, 0, '2017-11-07 18:29:15', '0000-00-00 00:00:00'),
(20, 'Scot wilson 5', '1510079387.jpg', '', 4, 0, '2017-11-07 18:29:47', '0000-00-00 00:00:00'),
(21, 'Scot Wilson 6', '1510079411.jpg', '', 4, 0, '2017-11-07 18:30:11', '0000-00-00 00:00:00'),
(22, 'Scot Wilson 7', '1510079439.jpg', '', 4, 0, '2017-11-07 18:30:40', '0000-00-00 00:00:00'),
(23, 'Scot Wilson 8', '1510079466.jpg', '', 4, 0, '2017-11-07 18:31:07', '0000-00-00 00:00:00'),
(24, 'Scot Wilson 9', '1510079492.jpg', '', 4, 0, '2017-11-07 18:31:32', '0000-00-00 00:00:00'),
(25, 'Scot Wilson 10', '1510079524.jpg', '', 4, 0, '2017-11-07 18:32:04', '0000-00-00 00:00:00'),
(26, 'Scot Wilson 11', '1510079550.jpg', '', 4, 0, '2017-11-07 18:32:30', '0000-00-00 00:00:00'),
(27, 'Bhima Paris', '1510079608.jpg', '', 4, 0, '2017-11-07 18:33:29', '0000-00-00 00:00:00'),
(28, 'jewellery 1', '1510079657.jpg', '', 4, 0, '2017-11-07 18:34:17', '0000-00-00 00:00:00'),
(29, 'jewellry2', '1510079687.jpg', '', 4, 0, '2017-11-07 18:34:47', '0000-00-00 00:00:00'),
(30, 'Fashion 1', '1510079761.jpg', '', 4, 0, '2017-11-07 18:36:01', '0000-00-00 00:00:00'),
(31, 'Bhima 1', '1510080490.jpg', '', 4, 0, '2017-11-07 18:48:10', '0000-00-00 00:00:00'),
(32, 'Chungath1', '1510080537.jpg', '', 4, 0, '2017-11-07 18:48:57', '0000-00-00 00:00:00'),
(33, 'Chungath2', '1510080564.jpg', '', 4, 0, '2017-11-07 18:49:24', '0000-00-00 00:00:00'),
(34, 'Chungath3', '1510080595.jpg', '', 4, 0, '2017-11-07 18:49:55', '0000-00-00 00:00:00'),
(35, 'Chungath 4', '1510080619.jpg', '', 4, 0, '2017-11-07 18:50:19', '0000-00-00 00:00:00'),
(36, 'Chungath 5', '1510080646.jpg', '', 4, 0, '2017-11-07 18:50:46', '0000-00-00 00:00:00'),
(37, 'Chungath 6', '1510080672.jpg', '', 4, 0, '2017-11-07 18:51:12', '0000-00-00 00:00:00'),
(38, 'Scot Wilson 12', '1510080712.jpg', '', 4, 0, '2017-11-07 18:51:52', '0000-00-00 00:00:00'),
(39, 'Scot Wilson 13', '1510080748.jpg', '', 4, 0, '2017-11-07 18:52:28', '0000-00-00 00:00:00'),
(40, 'Scot Wilson 14', '1510080785.jpg', '', 4, 0, '2017-11-07 18:53:05', '0000-00-00 00:00:00'),
(41, 'Scot wilson 15', '1510080822.jpg', '', 4, 0, '2017-11-07 18:53:43', '0000-00-00 00:00:00'),
(42, 'Cannes 2017', '1510080857.jpg', '', 4, 0, '2017-11-07 18:54:18', '0000-00-00 00:00:00'),
(43, 'Scot Wilson 1', '1510081222.jpg', '', 5, 0, '2017-11-07 19:00:23', '0000-00-00 00:00:00'),
(44, 'Maldives 1', '1510081257.jpg', '', 5, 0, '2017-11-07 19:00:58', '0000-00-00 00:00:00'),
(45, 'Maldives 2', '1510081286.jpg', '', 5, 0, '2017-11-07 19:01:26', '0000-00-00 00:00:00'),
(46, 'Concept1', '1510081344.jpg', '', 5, 0, '2017-11-07 19:02:24', '0000-00-00 00:00:00'),
(47, 'Concept2', '1510081418.jpg', '', 5, 0, '2017-11-07 19:03:39', '0000-00-00 00:00:00'),
(48, 'Concept 3', '1510081461.jpg', '', 5, 0, '2017-11-07 19:04:21', '0000-00-00 00:00:00'),
(49, 'Scot wilson 2', '1510081491.jpg', '', 5, 0, '2017-11-07 19:04:52', '0000-00-00 00:00:00'),
(50, 'Scot Wilson 3', '1510081547.jpg', '', 5, 0, '2017-11-07 19:05:47', '0000-00-00 00:00:00'),
(51, 'Bhima 2', '1510081595.jpg', '', 5, 0, '2017-11-07 19:06:36', '0000-00-00 00:00:00'),
(52, 'Bhima 3', '1510081653.jpg', '', 5, 0, '2017-11-07 19:07:34', '0000-00-00 00:00:00'),
(53, 'Bhima 4', '1510081690.jpg', '', 5, 0, '2017-11-07 19:08:11', '0000-00-00 00:00:00'),
(54, 'Sanford 1', '1510081766.jpg', '', 5, 0, '2017-11-07 19:09:26', '0000-00-00 00:00:00'),
(55, 'Bhima bkk', '1510082430.jpg', '', 3, 0, '2017-11-07 19:20:30', '0000-00-00 00:00:00'),
(56, 'Bhima shoot 1', '1510082466.jpg', '', 3, 0, '2017-11-07 19:21:06', '0000-00-00 00:00:00'),
(57, 'BHima shoot 2', '1510082509.jpg', '', 3, 0, '2017-11-07 19:21:49', '0000-00-00 00:00:00'),
(58, 'bhima shoot3', '1510082548.jpg', '', 3, 0, '2017-11-07 19:22:28', '0000-00-00 00:00:00'),
(59, 'Good mong tes', '1510082667.jpg', '', 3, 0, '2017-11-07 19:24:27', '0000-00-00 00:00:00'),
(60, 'Bhima shoot 5', '1510082696.jpg', '', 3, 0, '2017-11-07 19:24:56', '0000-00-00 00:00:00'),
(61, 'Jaabs 1', '1510082741.jpg', '', 3, 0, '2017-11-07 19:25:41', '0000-00-00 00:00:00'),
(62, 'Sussex UK', '1510160673.jpg', '', 6, 0, '2017-11-08 17:04:34', '0000-00-00 00:00:00'),
(63, 'Sussex Uk 2', '1510160726.jpg', '', 6, 0, '2017-11-08 17:05:27', '0000-00-00 00:00:00'),
(64, 'Bhima 1', '1510160770.jpg', '', 6, 0, '2017-11-08 17:06:11', '0000-00-00 00:00:00'),
(65, 'Bhima 2', '1510160809.jpg', '', 6, 0, '2017-11-08 17:06:49', '0000-00-00 00:00:00'),
(66, 'Bhima 3', '1510160869.jpg', '', 6, 0, '2017-11-08 17:07:49', '0000-00-00 00:00:00'),
(67, 'Bhima4', '1510160918.jpg', '', 6, 0, '2017-11-08 17:08:39', '0000-00-00 00:00:00'),
(68, 'Sussex UK 4', '1510160986.jpg', '', 6, 0, '2017-11-08 17:09:46', '0000-00-00 00:00:00'),
(69, 'Alberta 1', '1510161019.jpeg', '', 6, 0, '2017-11-08 17:10:20', '0000-00-00 00:00:00'),
(70, 'Alberta 2', '1510161064.jpeg', '', 6, 0, '2017-11-08 17:11:04', '0000-00-00 00:00:00'),
(71, 'Maldives1', '1510161199.jpg', '', 6, 0, '2017-11-08 17:13:19', '0000-00-00 00:00:00'),
(72, 'Sussex 2', '1510161331.jpg', '', 6, 0, '2017-11-08 17:15:31', '0000-00-00 00:00:00'),
(73, 'Sussex 3', '1510161365.jpg', '', 6, 0, '2017-11-08 17:16:05', '0000-00-00 00:00:00'),
(74, 'Home', '1510161470.jpg', '', 6, 0, '2017-11-08 17:17:50', '0000-00-00 00:00:00'),
(75, 'Locations', '1510161516.jpg', '', 7, 0, '2017-11-08 17:18:36', '0000-00-00 00:00:00'),
(76, 'Alex', '1510166744.jpg', '', 6, 0, '2017-11-08 18:45:44', '0000-00-00 00:00:00'),
(77, 'alex 2', '1510166795.jpg', '', 6, 0, '2017-11-08 18:46:35', '0000-00-00 00:00:00'),
(78, 'Alberta2', '1510166833.jpg', '', 7, 0, '2017-11-08 18:47:15', '0000-00-00 00:00:00'),
(79, 'Alberta 3', '1510166998.jpg', '', 7, 0, '2017-11-08 18:49:59', '0000-00-00 00:00:00'),
(80, 'Alberta 5', '1510167041.jpg', '', 7, 0, '2017-11-08 18:50:41', '0000-00-00 00:00:00'),
(81, 'Alberta 6', '1510167114.jpg', '', 7, 0, '2017-11-08 18:51:54', '0000-00-00 00:00:00'),
(82, 'Jaipur', '1510167193.jpg', '', 7, 0, '2017-11-08 18:53:13', '0000-00-00 00:00:00'),
(83, 'Jaipur2', '1510167265.jpg', '', 7, 0, '2017-11-08 18:54:26', '0000-00-00 00:00:00'),
(84, 'Jaipur 3', '1510167316.jpg', '', 7, 0, '2017-11-08 18:55:16', '0000-00-00 00:00:00'),
(85, 'Sony A7R2 Underwater camera', '1510224490.jpg', '', 6, 0, '2017-11-09 10:48:10', '0000-00-00 00:00:00'),
(86, 'Drone Inspire 4k RAW', '1510224588.jpg', '', 6, 0, '2017-11-09 10:49:49', '0000-00-00 00:00:00'),
(87, 'Osmo 4K RAW', '1510224625.jpg', '', 6, 0, '2017-11-09 10:50:25', '0000-00-00 00:00:00'),
(88, 'Car rig with Ronin mx', '1510224675.jpg', '', 6, 0, '2017-11-09 10:51:15', '0000-00-00 00:00:00'),
(89, 'Ronin MX with easy rig and wireless follow focus', '1510224767.jpg', '', 6, 0, '2017-11-09 10:52:47', '0000-00-00 00:00:00'),
(90, 'Ursa mini 4.6k raw', '1510224878.jpeg', '', 6, 0, '2017-11-09 10:54:38', '0000-00-00 00:00:00'),
(91, 'Drone handheld take off', '1510224960.jpg', '', 6, 0, '2017-11-09 10:56:01', '0000-00-00 00:00:00'),
(92, 'Red Raven 4.5k raw', '1510225043.jpg', '', 6, 0, '2017-11-09 10:57:23', '0000-00-00 00:00:00'),
(93, 'Red Raven', '1510225098.png', '', 6, 0, '2017-11-09 10:58:19', '0000-00-00 00:00:00'),
(94, 'Sony F5/ F55', '1510225557.jpg', '', 6, 0, '2017-11-09 11:05:57', '0000-00-00 00:00:00'),
(95, 'Red Wepon', '1510225581.jpg', '', 6, 0, '2017-11-09 11:06:22', '0000-00-00 00:00:00'),
(96, 'Alexa SXT', '1510225608.jpg', '', 6, 0, '2017-11-09 11:06:48', '0000-00-00 00:00:00'),
(97, 'Red Dragon', '1510225635.png', '', 6, 0, '2017-11-09 11:07:15', '0000-00-00 00:00:00'),
(98, 'Arri Alexa Mini', '1510225683.jpg', '', 6, 0, '2017-11-09 11:08:03', '0000-00-00 00:00:00'),
(99, 'Mooveetools', '1510225710.jpg', '', 6, 0, '2017-11-09 11:08:31', '0000-00-00 00:00:00'),
(100, 'Jack. London', '1510227342.jpg', '', 4, 0, '2017-11-09 11:35:42', '0000-00-00 00:00:00'),
(101, 'Bhima 33', '1510251561.jpg', '', 4, 0, '2017-11-09 18:19:21', '0000-00-00 00:00:00'),
(102, 'Bhima design', '1510251621.jpg', '', 5, 0, '2017-11-09 18:20:22', '0000-00-00 00:00:00'),
(103, 'Bhima girl', '1510251835.jpg', '', 5, 0, '2017-11-09 18:23:55', '0000-00-00 00:00:00'),
(105, '1', '1510252519.jpg', '', 3, 2, '2017-11-09 18:35:19', '0000-00-00 00:00:00'),
(106, '2', '1510252555.jpg', '', 3, 2, '2017-11-09 18:35:56', '0000-00-00 00:00:00'),
(107, '3', '1510252574.jpg', '', 3, 2, '2017-11-09 18:36:15', '0000-00-00 00:00:00'),
(108, '4', '1510252598.jpg', '', 3, 2, '2017-11-09 18:36:39', '0000-00-00 00:00:00'),
(109, '5', '1510252624.jpg', '', 3, 2, '2017-11-09 18:37:04', '0000-00-00 00:00:00'),
(110, '6', '1510252668.jpg', '', 3, 2, '2017-11-09 18:37:48', '0000-00-00 00:00:00'),
(111, '7', '1510252702.jpg', '', 3, 2, '2017-11-09 18:38:22', '0000-00-00 00:00:00'),
(112, '8', '1510252730.jpg', '', 3, 2, '2017-11-09 18:38:50', '0000-00-00 00:00:00'),
(113, '9', '1510252754.jpg', '', 3, 2, '2017-11-09 18:39:15', '0000-00-00 00:00:00'),
(114, '10', '1510252779.jpg', '', 3, 2, '2017-11-09 18:39:39', '0000-00-00 00:00:00'),
(115, '11', '1510252823.jpg', '', 3, 2, '2017-11-09 18:40:23', '0000-00-00 00:00:00'),
(116, '12', '1510252856.jpg', '', 3, 2, '2017-11-09 18:40:56', '0000-00-00 00:00:00'),
(117, '13', '1510253316.jpg', '', 3, 2, '2017-11-09 18:48:37', '0000-00-00 00:00:00'),
(118, '14', '1510253332.jpg', '', 3, 2, '2017-11-09 18:48:53', '0000-00-00 00:00:00'),
(119, '15', '1510253349.jpg', '', 3, 2, '2017-11-09 18:49:10', '0000-00-00 00:00:00'),
(120, '16', '1510253368.jpg', '', 3, 2, '2017-11-09 18:49:28', '0000-00-00 00:00:00'),
(121, '17', '1510253401.jpg', '', 3, 2, '2017-11-09 18:50:01', '0000-00-00 00:00:00'),
(122, '19', '1510253444.jpg', '', 3, 2, '2017-11-09 18:50:44', '0000-00-00 00:00:00'),
(123, '20', '1510253469.jpg', '', 3, 2, '2017-11-09 18:51:09', '0000-00-00 00:00:00'),
(124, 'Mooveetools.com', '1510308969.jpg', '', 6, 0, '2017-11-10 10:16:09', '0000-00-00 00:00:00'),
(125, 'Mauritius shoot', '1510313757.JPG', '', 6, 0, '2017-11-10 11:35:57', '0000-00-00 00:00:00'),
(126, '01', '1510313817.JPG', '', 3, 3, '2017-11-10 11:36:58', '0000-00-00 00:00:00'),
(127, '02', '1510313833.JPG', '', 3, 3, '2017-11-10 11:37:13', '0000-00-00 00:00:00'),
(128, '03', '1510313849.JPG', '', 3, 3, '2017-11-10 11:37:29', '0000-00-00 00:00:00'),
(129, '04', '1510313871.JPG', '', 3, 3, '2017-11-10 11:37:52', '0000-00-00 00:00:00'),
(130, '05', '1510313887.JPG', '', 3, 3, '2017-11-10 11:38:08', '0000-00-00 00:00:00'),
(131, '07', '1510313911.JPG', '', 3, 3, '2017-11-10 11:38:31', '0000-00-00 00:00:00'),
(132, '01', '1510315309.jpg', '', 3, 4, '2017-11-10 12:01:50', '0000-00-00 00:00:00'),
(133, '02', '1510315329.jpg', '', 3, 4, '2017-11-10 12:02:09', '0000-00-00 00:00:00'),
(134, '03', '1510315343.jpg', '', 3, 4, '2017-11-10 12:02:23', '0000-00-00 00:00:00'),
(135, '04', '1510315354.jpg', '', 3, 4, '2017-11-10 12:02:34', '0000-00-00 00:00:00'),
(136, '05', '1510315368.jpg', '', 3, 4, '2017-11-10 12:02:48', '0000-00-00 00:00:00'),
(137, '06', '1510315381.jpg', '', 3, 4, '2017-11-10 12:03:01', '0000-00-00 00:00:00'),
(138, '07', '1510315393.jpg', '', 3, 4, '2017-11-10 12:03:13', '0000-00-00 00:00:00'),
(139, '08', '1510315430.jpg', '', 3, 4, '2017-11-10 12:03:50', '0000-00-00 00:00:00'),
(140, '09', '1510315442.jpg', '', 3, 4, '2017-11-10 12:04:03', '0000-00-00 00:00:00'),
(141, '10', '1510315454.jpg', '', 3, 4, '2017-11-10 12:04:15', '0000-00-00 00:00:00'),
(142, '11', '1510315467.jpg', '', 3, 4, '2017-11-10 12:04:28', '0000-00-00 00:00:00'),
(143, '01', '1510315849.jpg', '', 3, 5, '2017-11-10 12:10:49', '0000-00-00 00:00:00'),
(150, '09', '1510316006.jpg', '', 3, 5, '2017-11-10 12:13:26', '0000-00-00 00:00:00'),
(151, '10', '1510316022.jpg', '', 3, 5, '2017-11-10 12:13:42', '0000-00-00 00:00:00'),
(152, '11', '1510316037.jpg', '', 3, 5, '2017-11-10 12:13:58', '0000-00-00 00:00:00'),
(154, '12', '1510316070.jpg', '', 3, 5, '2017-11-10 12:14:31', '0000-00-00 00:00:00'),
(155, '13', '1510316087.jpg', '', 3, 5, '2017-11-10 12:14:48', '0000-00-00 00:00:00'),
(156, '01', '1510316304.jpg', '', 3, 6, '2017-11-10 12:18:24', '0000-00-00 00:00:00'),
(157, '02', '1510316327.jpg', '', 3, 6, '2017-11-10 12:18:47', '0000-00-00 00:00:00'),
(158, '03', '1510316345.jpg', '', 3, 6, '2017-11-10 12:19:05', '0000-00-00 00:00:00'),
(159, '04', '1510316382.jpg', '', 3, 6, '2017-11-10 12:19:42', '0000-00-00 00:00:00'),
(160, '05', '1510316403.jpg', '', 3, 6, '2017-11-10 12:20:03', '0000-00-00 00:00:00'),
(161, '06', '1510316463.jpg', '', 3, 6, '2017-11-10 12:21:03', '0000-00-00 00:00:00'),
(162, '07', '1510316483.jpg', '', 3, 6, '2017-11-10 12:21:23', '0000-00-00 00:00:00'),
(163, '08', '1510316509.jpg', '', 3, 6, '2017-11-10 12:21:50', '0000-00-00 00:00:00'),
(164, '09', '1510316526.jpg', '', 3, 6, '2017-11-10 12:22:06', '0000-00-00 00:00:00'),
(165, '10', '1510316559.jpg', '', 3, 6, '2017-11-10 12:22:39', '0000-00-00 00:00:00'),
(166, '11', '1510316580.jpg', '', 3, 6, '2017-11-10 12:23:00', '0000-00-00 00:00:00'),
(167, '12', '1510316608.jpg', '', 3, 6, '2017-11-10 12:23:29', '0000-00-00 00:00:00'),
(168, '13', '1510316629.jpg', '', 3, 6, '2017-11-10 12:23:50', '0000-00-00 00:00:00'),
(169, '14', '1510316654.jpg', '', 3, 6, '2017-11-10 12:24:15', '0000-00-00 00:00:00'),
(170, '15', '1510316671.jpg', '', 3, 6, '2017-11-10 12:24:31', '0000-00-00 00:00:00'),
(171, '16', '1510316692.jpg', '', 3, 6, '2017-11-10 12:24:52', '0000-00-00 00:00:00'),
(172, '17', '1510316715.jpg', '', 3, 6, '2017-11-10 12:25:16', '0000-00-00 00:00:00'),
(173, '18', '1510316748.jpg', '', 3, 6, '2017-11-10 12:25:48', '0000-00-00 00:00:00'),
(174, '19', '1510316781.jpg', '', 3, 6, '2017-11-10 12:26:22', '0000-00-00 00:00:00'),
(175, '20', '1510316809.jpg', '', 3, 6, '2017-11-10 12:26:49', '0000-00-00 00:00:00'),
(176, '21', '1510316835.jpg', '', 3, 6, '2017-11-10 12:27:15', '0000-00-00 00:00:00'),
(177, '22', '1510316865.jpg', '', 3, 6, '2017-11-10 12:27:45', '0000-00-00 00:00:00'),
(178, '23', '1510316883.jpg', '', 3, 6, '2017-11-10 12:28:03', '0000-00-00 00:00:00'),
(179, '24', '1510316981.jpg', '', 3, 6, '2017-11-10 12:29:42', '0000-00-00 00:00:00'),
(180, '25', '1510317011.jpg', '', 3, 6, '2017-11-10 12:30:11', '0000-00-00 00:00:00'),
(181, '26', '1510317046.jpg', '', 3, 6, '2017-11-10 12:30:46', '0000-00-00 00:00:00'),
(182, '27', '1510317069.jpg', '', 3, 6, '2017-11-10 12:31:10', '0000-00-00 00:00:00'),
(183, '25', '1510317103.jpg', '', 3, 6, '2017-11-10 12:31:43', '0000-00-00 00:00:00'),
(184, '26', '1510317135.jpg', '', 3, 6, '2017-11-10 12:32:15', '0000-00-00 00:00:00'),
(185, '27', '1510317153.jpg', '', 3, 6, '2017-11-10 12:32:34', '0000-00-00 00:00:00'),
(186, '01', '1510402482.jpg', '', 3, 7, '2017-11-11 12:14:42', '0000-00-00 00:00:00'),
(187, '02', '1510402547.jpg', '', 3, 7, '2017-11-11 12:15:48', '0000-00-00 00:00:00'),
(188, '03', '1510402581.jpg', '', 3, 7, '2017-11-11 12:16:21', '0000-00-00 00:00:00'),
(189, '04', '1510402627.jpg', '', 3, 7, '2017-11-11 12:17:07', '0000-00-00 00:00:00'),
(190, '05', '1510402657.jpg', '', 3, 7, '2017-11-11 12:17:37', '0000-00-00 00:00:00'),
(191, '06', '1510402678.jpg', '', 3, 7, '2017-11-11 12:17:58', '0000-00-00 00:00:00'),
(192, '07', '1510402704.jpg', '', 3, 7, '2017-11-11 12:18:24', '0000-00-00 00:00:00'),
(193, '08', '1510402762.jpg', '', 3, 7, '2017-11-11 12:19:23', '0000-00-00 00:00:00'),
(194, '09', '1510402787.jpg', '', 3, 7, '2017-11-11 12:19:47', '0000-00-00 00:00:00'),
(195, '10', '1510402809.jpg', '', 3, 7, '2017-11-11 12:20:09', '0000-00-00 00:00:00'),
(196, '11', '1510402830.jpg', '', 3, 7, '2017-11-11 12:20:30', '0000-00-00 00:00:00'),
(197, '12', '1510402850.jpg', '', 3, 7, '2017-11-11 12:20:50', '0000-00-00 00:00:00'),
(198, '13', '1510402874.jpg', '', 3, 7, '2017-11-11 12:21:14', '0000-00-00 00:00:00'),
(199, '14', '1510402900.jpg', '', 3, 7, '2017-11-11 12:21:41', '0000-00-00 00:00:00'),
(200, '14', '1510402906.jpg', '', 3, 7, '2017-11-11 12:21:46', '0000-00-00 00:00:00'),
(201, '14', '1510402990.jpg', '', 3, 7, '2017-11-11 12:23:11', '0000-00-00 00:00:00'),
(202, '15', '1510403012.jpg', '', 3, 7, '2017-11-11 12:23:33', '0000-00-00 00:00:00'),
(203, '16', '1510403032.jpg', '', 3, 7, '2017-11-11 12:23:52', '0000-00-00 00:00:00'),
(204, '17', '1510403056.jpg', '', 3, 7, '2017-11-11 12:24:16', '0000-00-00 00:00:00'),
(205, '18', '1510403077.jpg', '', 3, 7, '2017-11-11 12:24:38', '0000-00-00 00:00:00'),
(206, '19', '1510403096.jpg', '', 3, 7, '2017-11-11 12:24:56', '0000-00-00 00:00:00'),
(207, '20', '1510403116.jpg', '', 3, 7, '2017-11-11 12:25:16', '0000-00-00 00:00:00'),
(208, '21', '1510403146.jpg', '', 3, 7, '2017-11-11 12:25:47', '0000-00-00 00:00:00'),
(209, '22', '1510403177.jpg', '', 3, 7, '2017-11-11 12:26:17', '0000-00-00 00:00:00'),
(210, '23', '1510403201.jpg', '', 3, 7, '2017-11-11 12:26:41', '0000-00-00 00:00:00'),
(211, '24', '1510403222.jpg', '', 3, 7, '2017-11-11 12:27:02', '0000-00-00 00:00:00'),
(212, '25', '1510403239.jpg', '', 3, 7, '2017-11-11 12:27:19', '0000-00-00 00:00:00'),
(213, '26', '1510403266.jpg', '', 3, 7, '2017-11-11 12:27:46', '0000-00-00 00:00:00'),
(214, '27', '1510403298.jpg', '', 3, 7, '2017-11-11 12:28:18', '0000-00-00 00:00:00'),
(215, '28', '1510403320.jpg', '', 3, 7, '2017-11-11 12:28:40', '0000-00-00 00:00:00'),
(216, '29', '1510403355.jpg', '', 3, 7, '2017-11-11 12:29:15', '0000-00-00 00:00:00'),
(217, '30', '1510403376.jpg', '', 3, 7, '2017-11-11 12:29:36', '0000-00-00 00:00:00'),
(218, '31', '1510403401.jpg', '', 3, 7, '2017-11-11 12:30:01', '0000-00-00 00:00:00'),
(219, '32', '1510403420.jpg', '', 3, 7, '2017-11-11 12:30:20', '0000-00-00 00:00:00'),
(220, '33', '1510403440.jpg', '', 3, 7, '2017-11-11 12:30:40', '0000-00-00 00:00:00'),
(221, '34', '1510403466.jpg', '', 3, 7, '2017-11-11 12:31:06', '0000-00-00 00:00:00'),
(222, '35', '1510403486.jpg', '', 3, 7, '2017-11-11 12:31:27', '0000-00-00 00:00:00'),
(223, '36', '1510403503.jpg', '', 3, 7, '2017-11-11 12:31:43', '0000-00-00 00:00:00'),
(224, '38', '1510403524.jpg', '', 3, 7, '2017-11-11 12:32:04', '0000-00-00 00:00:00'),
(225, '38', '1510403543.jpg', '', 3, 7, '2017-11-11 12:32:24', '0000-00-00 00:00:00'),
(226, '39', '1510403562.jpg', '', 3, 7, '2017-11-11 12:32:42', '0000-00-00 00:00:00'),
(227, '40', '1510403599.jpg', '', 3, 7, '2017-11-11 12:33:19', '0000-00-00 00:00:00'),
(228, '41', '1510403617.jpg', '', 3, 7, '2017-11-11 12:33:37', '0000-00-00 00:00:00'),
(229, '42', '1510403636.jpg', '', 3, 7, '2017-11-11 12:33:57', '0000-00-00 00:00:00'),
(230, '43', '1510403663.jpg', '', 3, 7, '2017-11-11 12:34:24', '0000-00-00 00:00:00'),
(231, '44', '1510403687.jpg', '', 3, 7, '2017-11-11 12:34:47', '0000-00-00 00:00:00'),
(232, '45', '1510403712.jpg', '', 3, 7, '2017-11-11 12:35:13', '0000-00-00 00:00:00'),
(233, '46', '1510403759.jpg', '', 3, 7, '2017-11-11 12:35:59', '0000-00-00 00:00:00'),
(234, '47', '1510403778.jpg', '', 3, 7, '2017-11-11 12:36:18', '0000-00-00 00:00:00'),
(235, '47', '1510403799.jpg', '', 3, 7, '2017-11-11 12:36:39', '0000-00-00 00:00:00'),
(236, '48', '1510403824.jpg', '', 3, 7, '2017-11-11 12:37:04', '0000-00-00 00:00:00'),
(237, '49', '1510403871.jpg', '', 3, 7, '2017-11-11 12:37:52', '0000-00-00 00:00:00'),
(238, '50', '1510403890.jpg', '', 3, 7, '2017-11-11 12:38:10', '0000-00-00 00:00:00'),
(239, '51', '1510403914.jpg', '', 3, 7, '2017-11-11 12:38:35', '0000-00-00 00:00:00'),
(240, '52', '1510403930.jpg', '', 3, 7, '2017-11-11 12:38:50', '0000-00-00 00:00:00'),
(241, '53', '1510403957.jpg', '', 3, 7, '2017-11-11 12:39:17', '0000-00-00 00:00:00'),
(242, '54', '1510403989.jpg', '', 3, 7, '2017-11-11 12:39:50', '0000-00-00 00:00:00'),
(243, '55', '1510404022.jpg', '', 3, 7, '2017-11-11 12:40:22', '0000-00-00 00:00:00'),
(244, '56', '1510404055.jpg', '', 3, 7, '2017-11-11 12:40:55', '0000-00-00 00:00:00'),
(245, '57', '1510404084.jpg', '', 3, 7, '2017-11-11 12:41:24', '0000-00-00 00:00:00'),
(246, '57', '1510404199.jpg', '', 3, 7, '2017-11-11 12:43:19', '0000-00-00 00:00:00'),
(247, 'Habro', '1510426518.jpg', '', 4, 0, '2017-11-11 18:55:18', '0000-00-00 00:00:00'),
(248, '01', '1510426565.jpg', '', 3, 8, '2017-11-11 18:56:05', '0000-00-00 00:00:00'),
(249, '02', '1510426574.jpg', '', 3, 8, '2017-11-11 18:56:15', '0000-00-00 00:00:00'),
(250, '03', '1510426585.jpg', '', 3, 8, '2017-11-11 18:56:25', '0000-00-00 00:00:00'),
(251, '04', '1510426597.jpg', '', 3, 8, '2017-11-11 18:56:38', '0000-00-00 00:00:00'),
(252, '05', '1510426612.jpg', '', 3, 8, '2017-11-11 18:56:52', '0000-00-00 00:00:00'),
(253, '06', '1510426626.jpg', '', 3, 8, '2017-11-11 18:57:07', '0000-00-00 00:00:00'),
(254, '07', '1510426643.jpg', '', 3, 8, '2017-11-11 18:57:24', '0000-00-00 00:00:00');

-- --------------------------------------------------------

--
-- Table structure for table `videos`
--

CREATE TABLE `videos` (
  `VideoId` int(11) NOT NULL,
  `VideoUrl` varchar(250) NOT NULL,
  `VideoName` varchar(200) NOT NULL,
  `VideoImage` varchar(100) NOT NULL,
  `AttachmentId` int(10) NOT NULL,
  `VideoDescription` longtext NOT NULL,
  `CreatedOn` timestamp NOT NULL DEFAULT CURRENT_TIMESTAMP ON UPDATE CURRENT_TIMESTAMP,
  `UpdateOn` timestamp NOT NULL DEFAULT '0000-00-00 00:00:00'
) ENGINE=InnoDB DEFAULT CHARSET=latin1;

--
-- Dumping data for table `videos`
--

INSERT INTO `videos` (`VideoId`, `VideoUrl`, `VideoName`, `VideoImage`, `AttachmentId`, `VideoDescription`, `CreatedOn`, `UpdateOn`) VALUES
(1, '232142241', 'Bhima Fall In Love', '1.webp', 1, '', '2017-11-06 18:32:16', '2017-11-01 23:09:28'),
(2, '181457767', 'Eastern English', '3.webp', 1, '', '2017-11-06 18:10:11', '2017-11-01 23:29:49'),
(6, '237903697', 'Showreel                       ', '', 1, '', '2017-11-06 18:31:14', '2017-11-06 20:38:16'),
(9, '207462445', 'Scot Wilson', '', 1, 'Shot in Calgary, Canada.  The lead mail model from London. Directed by Jabbar Kallarackal, DOP- Omprakash, Music - Kailash Menon, Line Producer - Prabhakar\r\nProduction Company - Graphic Telemation', '2017-11-06 18:13:49', '0000-00-00 00:00:00'),
(10, '207456126', 'Sanford -  Dr. Fan', '', 1, 'Shot in British Colombia, Alberta, Canada.  Directed by Jabbar Kallarackal, Dop - Omprakash, Music - Kailash Menon, Line producer - Prabhakar', '2017-11-06 18:16:36', '0000-00-00 00:00:00'),
(11, '163915308', 'Flamingo ', '', 1, 'Shot at Seven Sisters, Sussex, UK.      Directed by Jabbar Kallarackal, DOP - Omprakash, Music - Kailash Menon, Line producer - prabhakar', '2017-11-06 18:18:59', '0000-00-00 00:00:00'),
(12, '164244737', 'Sanford Hair Straightner ', '', 1, 'Directed by Jabbar Kallarackal,  DOP- Sunil, Music - Kailash Menon', '2017-11-06 18:22:58', '0000-00-00 00:00:00'),
(13, '164234250', 'Sanford Shave', '', 1, 'Directed by Jabbar Kallarackal, DOP- Sunil, Music - Kailash Menon', '2017-11-06 18:24:11', '0000-00-00 00:00:00'),
(14, '164231473', 'Sanford Steam Iron', '', 1, 'Directed by Jabbar Kallarackal, DOP- Sunil , Music- Kailash Menon, ', '2017-11-06 18:25:18', '0000-00-00 00:00:00'),
(15, '164228396', 'Sanford Crape pan', '', 1, 'Directed by Jabbar Kallarackal, DOP- Omprakash, Music - Kailash Menon', '2017-11-06 18:26:35', '0000-00-00 00:00:00'),
(16, '122513944', 'Sanford Twister', '', 1, 'Directed by Jabbar Kallarackal, \r\nDOP- Omprakash, \r\nMusic - Kailash Menon', '2017-11-06 18:28:39', '0000-00-00 00:00:00'),
(17, '199623100', 'Aster DM Health Care', '', 2, 'Shot in Bangalore India', '2017-11-06 18:34:24', '0000-00-00 00:00:00'),
(18, '103890031', 'Accel Infoline', '', 2, '', '2017-11-06 18:35:39', '0000-00-00 00:00:00'),
(20, '241560612', 'Chungath Jewellery, India', '', 1, 'Shot in Mauritius,    Directed by Jabbar Kallarackal, DOP - Sunil Karthikeyan, Line Producer - Vivek Nair,  Production Company - Mind Wind Productions, Mauritius', '2017-11-06 19:12:40', '0000-00-00 00:00:00'),
(21, '164386367', 'Sanfor Juicer Mixer', '', 1, 'Directed by Jabbar Kallarackal , DOP- Sunil, Art - Bawa, Music - Kailash', '2017-11-07 17:11:26', '0000-00-00 00:00:00'),
(22, '164384670', 'Sanford Magic Cooker ', '', 1, 'Directed by Jabbar Kallarackal , DOP - Sunil, Art- Bawa, Music - Kailash', '2017-11-07 17:13:16', '0000-00-00 00:00:00'),
(23, '164382208', 'Sanford Kitchen Hob', '', 1, '', '2017-11-07 17:13:55', '0000-00-00 00:00:00'),
(24, '109223529', 'Lulu Celebrate', '', 1, 'Shot in Baroda Palace, Gujarath', '2017-11-07 17:14:56', '0000-00-00 00:00:00'),
(25, '63389962', 'Karikkineth Silks', '', 1, 'Shot in Maldives, Directed by Jabbar Kallarackal, DOP- Jomon John, Styling - Julie Abraham, ', '2017-11-07 17:17:23', '0000-00-00 00:00:00'),
(26, '63391029', 'Al Abeer Hospitls, Saudi Arabia', '', 1, '', '2017-11-07 17:18:23', '0000-00-00 00:00:00'),
(27, '63391113', 'Bhima Jewellery, Banhkok', '', 1, 'Shot in a remote island away from Pattaya, Thailand. Directed by Jabbar Kallarackal, DOP- Omprakash, Stylist - Julie Abraham, Makeup and hair- Jijeesh, Art- Kiran', '2017-11-07 17:21:57', '0000-00-00 00:00:00'),
(28, '63391378', 'Bhima Jewellery- World', '', 1, 'This film shot in five countries in Europe and it took 20 days to travel and shoot. It is the first TVC ever made by shooting 5 countries ever.   Directed by Jabbar Kallarackal, DOP- Omprakash/ Athishayaraj, Music - Kailash Menon', '2017-11-07 17:25:05', '0000-00-00 00:00:00'),
(29, '63392857', 'Lulu Sarees - World', '', 1, 'Shot in Five countries in Europe, Directed by Jabbar Kallarackal, DOP - Omprakash/ Athishayaray/Jabbar Kallarackal, ', '2017-11-07 17:26:37', '0000-00-00 00:00:00'),
(30, '68482942', 'Sanford LED ', '', 1, '', '2017-11-07 17:27:15', '0000-00-00 00:00:00'),
(31, '84209919', 'Kalyan Saree', '', 1, 'Shot in Amber fort Jaipur and set, Directed by Jabbar Kallarackal, DOP- Thiru, Agency - Maithri Advertising, Art- Kiran, Costume- Julie, ', '2017-11-07 17:29:17', '0000-00-00 00:00:00'),
(32, '84210067', 'Bhima 85 years', '', 1, 'This TVC we created for the 85 years celebration of Bhima', '2017-11-07 17:30:09', '0000-00-00 00:00:00'),
(34, '84211157', 'GILMA kitchen', '', 1, '', '2017-11-07 17:32:18', '0000-00-00 00:00:00'),
(35, '84211256', 'Gudmong Tea', '', 1, '', '2017-11-07 17:32:51', '0000-00-00 00:00:00'),
(36, '84211422', 'Lulu Hypermarket, Dubai', '', 1, 'Shot in Dubai', '2017-11-07 17:33:27', '0000-00-00 00:00:00'),
(37, '84211879', 'Sanford Service', '', 1, '', '2017-11-07 17:34:04', '0000-00-00 00:00:00'),
(38, '84212028', 'Sanford Flash Light', '', 1, '', '2017-11-07 17:34:40', '0000-00-00 00:00:00'),
(39, '103889475', 'Sanford Home', '', 1, 'Shot inside big home interior set errected in Chennai , India', '2017-11-07 17:35:41', '0000-00-00 00:00:00'),
(40, '103889475', 'Gulf Gate Hair Fixing', '', 1, 'Shot in Paris and London, Directed by Jabbar Kallarackal, Dop-Omprakash, Line Producer -Prabhakar, Production - Voyage media London.', '2017-11-07 17:39:07', '0000-00-00 00:00:00'),
(41, '163915308', 'Flamingo', '', 1, 'Shot in Seven Sisters, Sussex, UK, Directed by Jabbar Kallarackal, DOP- Omprakash, Production- Voyage Media - London, Line Producer- Prabhakar, ', '2017-11-07 17:40:52', '0000-00-00 00:00:00'),
(42, '164244737', 'Sanford Hair Straigtner ', '', 1, '', '2017-11-07 17:43:48', '0000-00-00 00:00:00'),
(43, '164249069', 'Bhima Jewellery - Lucky Gold', '', 1, '', '2017-11-07 17:44:32', '0000-00-00 00:00:00'),
(44, '164382208', 'Sanford Kitchen Hob', '', 1, '', '2017-11-07 17:44:59', '0000-00-00 00:00:00'),
(45, '181457767', 'Eastern Masala', '', 1, 'Directed by Jabbar Kallarackal, DOP- Jomon John, Art- Santhosh Raman, Stylist- Stephy, Music - Kishan,', '2017-11-07 17:46:54', '0000-00-00 00:00:00'),
(46, '164231473', 'Sanford Iron ', '', 1, '', '2017-11-07 17:48:05', '0000-00-00 00:00:00'),
(47, '164234250', 'Sanford Shave', '', 1, '', '2017-11-07 17:48:31', '0000-00-00 00:00:00'),
(48, '207456126', 'Sanford Dr. Fan', '', 1, 'Shot in British Colombia, Canada. Directed by Jabbar Kallarackal, DOP- Omprakash, Line Producer- Prabhakar, Lead Model from London', '2017-11-07 17:50:31', '0000-00-00 00:00:00'),
(49, '207462445', 'Scot Wilson Shirts', '', 1, 'Shot in Calgary, Canada. Directed by Jabbar Kallarackal, DOP- Omprakash, Line producer - Prabhakar', '2017-11-07 17:51:52', '0000-00-00 00:00:00'),
(50, '232142241', 'Bhima Jewellery - Fall in love', '', 1, 'Shot in Jaipur, Delhi . Shot with live skydive shot of the lead female model. Directed by Jabbar Kallarackal , DOP - Ravi Varman, Art - Bangalan, Line Producer- Kishore, Stylist- Christina, Makeup and hair - Jijeesh.', '2017-11-07 17:55:07', '0000-00-00 00:00:00'),
(51, '237903697', 'SHOWREEL', '', 1, '', '2017-11-07 17:56:26', '0000-00-00 00:00:00');

--
-- Indexes for dumped tables
--

--
-- Indexes for table `achievement`
--
ALTER TABLE `achievement`
  ADD PRIMARY KEY (`AchievementId`);

--
-- Indexes for table `admin`
--
ALTER TABLE `admin`
  ADD PRIMARY KEY (`Id`);

--
-- Indexes for table `album`
--
ALTER TABLE `album`
  ADD PRIMARY KEY (`AlbumId`);

--
-- Indexes for table `attachmenttype`
--
ALTER TABLE `attachmenttype`
  ADD PRIMARY KEY (`AttachmentId`);

--
-- Indexes for table `gallery`
--
ALTER TABLE `gallery`
  ADD PRIMARY KEY (`GalleryId`);

--
-- Indexes for table `videos`
--
ALTER TABLE `videos`
  ADD PRIMARY KEY (`VideoId`);

--
-- AUTO_INCREMENT for dumped tables
--

--
-- AUTO_INCREMENT for table `achievement`
--
ALTER TABLE `achievement`
  MODIFY `AchievementId` int(11) NOT NULL AUTO_INCREMENT, AUTO_INCREMENT=5;
--
-- AUTO_INCREMENT for table `admin`
--
ALTER TABLE `admin`
  MODIFY `Id` int(11) NOT NULL AUTO_INCREMENT, AUTO_INCREMENT=2;
--
-- AUTO_INCREMENT for table `album`
--
ALTER TABLE `album`
  MODIFY `AlbumId` int(11) NOT NULL AUTO_INCREMENT, AUTO_INCREMENT=9;
--
-- AUTO_INCREMENT for table `attachmenttype`
--
ALTER TABLE `attachmenttype`
  MODIFY `AttachmentId` int(10) NOT NULL AUTO_INCREMENT, AUTO_INCREMENT=8;
--
-- AUTO_INCREMENT for table `gallery`
--
ALTER TABLE `gallery`
  MODIFY `GalleryId` int(11) NOT NULL AUTO_INCREMENT, AUTO_INCREMENT=255;
--
-- AUTO_INCREMENT for table `videos`
--
ALTER TABLE `videos`
  MODIFY `VideoId` int(11) NOT NULL AUTO_INCREMENT, AUTO_INCREMENT=52;
/*!40101 SET CHARACTER_SET_CLIENT=@OLD_CHARACTER_SET_CLIENT */;
/*!40101 SET CHARACTER_SET_RESULTS=@OLD_CHARACTER_SET_RESULTS */;
/*!40101 SET COLLATION_CONNECTION=@OLD_COLLATION_CONNECTION */;
